<?xml version="1.0" encoding="UTF-8"?>
<spirit:component xmlns:xilinx="http://www.xilinx.com" xmlns:spirit="http://www.spiritconsortium.org/XMLSchema/SPIRIT/1685-2009" xmlns:xsi="http://www.w3.org/2001/XMLSchema-instance">
  <spirit:vendor>xilinx.com</spirit:vendor>
  <spirit:library>user</spirit:library>
  <spirit:name>myip</spirit:name>
  <spirit:version>1.0</spirit:version>
  <spirit:busInterfaces>
    <spirit:busInterface>
      <spirit:name>S00_AXI</spirit:name>
      <spirit:busType spirit:vendor="xilinx.com" spirit:library="interface" spirit:name="aximm" spirit:version="1.0"/>
      <spirit:abstractionType spirit:vendor="xilinx.com" spirit:library="interface" spirit:name="aximm_rtl" spirit:version="1.0"/>
      <spirit:slave>
        <spirit:memoryMapRef spirit:memoryMapRef="S00_AXI"/>
      </spirit:slave>
      <spirit:portMaps>
        <spirit:portMap>
          <spirit:logicalPort>
            <spirit:name>AWADDR</spirit:name>
          </spirit:logicalPort>
          <spirit:physicalPort>
            <spirit:name>s00_axi_awaddr</spirit:name>
          </spirit:physicalPort>
        </spirit:portMap>
        <spirit:portMap>
          <spirit:logicalPort>
            <spirit:name>AWPROT</spirit:name>
          </spirit:logicalPort>
          <spirit:physicalPort>
            <spirit:name>s00_axi_awprot</spirit:name>
          </spirit:physicalPort>
        </spirit:portMap>
        <spirit:portMap>
          <spirit:logicalPort>
            <spirit:name>AWVALID</spirit:name>
          </spirit:logicalPort>
          <spirit:physicalPort>
            <spirit:name>s00_axi_awvalid</spirit:name>
          </spirit:physicalPort>
        </spirit:portMap>
        <spirit:portMap>
          <spirit:logicalPort>
            <spirit:name>AWREADY</spirit:name>
          </spirit:logicalPort>
          <spirit:physicalPort>
            <spirit:name>s00_axi_awready</spirit:name>
          </spirit:physicalPort>
        </spirit:portMap>
        <spirit:portMap>
          <spirit:logicalPort>
            <spirit:name>WDATA</spirit:name>
          </spirit:logicalPort>
          <spirit:physicalPort>
            <spirit:name>s00_axi_wdata</spirit:name>
          </spirit:physicalPort>
        </spirit:portMap>
        <spirit:portMap>
          <spirit:logicalPort>
            <spirit:name>WSTRB</spirit:name>
          </spirit:logicalPort>
          <spirit:physicalPort>
            <spirit:name>s00_axi_wstrb</spirit:name>
          </spirit:physicalPort>
        </spirit:portMap>
        <spirit:portMap>
          <spirit:logicalPort>
            <spirit:name>WVALID</spirit:name>
          </spirit:logicalPort>
          <spirit:physicalPort>
            <spirit:name>s00_axi_wvalid</spirit:name>
          </spirit:physicalPort>
        </spirit:portMap>
        <spirit:portMap>
          <spirit:logicalPort>
            <spirit:name>WREADY</spirit:name>
          </spirit:logicalPort>
          <spirit:physicalPort>
            <spirit:name>s00_axi_wready</spirit:name>
          </spirit:physicalPort>
        </spirit:portMap>
        <spirit:portMap>
          <spirit:logicalPort>
            <spirit:name>BRESP</spirit:name>
          </spirit:logicalPort>
          <spirit:physicalPort>
            <spirit:name>s00_axi_bresp</spirit:name>
          </spirit:physicalPort>
        </spirit:portMap>
        <spirit:portMap>
          <spirit:logicalPort>
            <spirit:name>BVALID</spirit:name>
          </spirit:logicalPort>
          <spirit:physicalPort>
            <spirit:name>s00_axi_bvalid</spirit:name>
          </spirit:physicalPort>
        </spirit:portMap>
        <spirit:portMap>
          <spirit:logicalPort>
            <spirit:name>BREADY</spirit:name>
          </spirit:logicalPort>
          <spirit:physicalPort>
            <spirit:name>s00_axi_bready</spirit:name>
          </spirit:physicalPort>
        </spirit:portMap>
        <spirit:portMap>
          <spirit:logicalPort>
            <spirit:name>ARADDR</spirit:name>
          </spirit:logicalPort>
          <spirit:physicalPort>
            <spirit:name>s00_axi_araddr</spirit:name>
          </spirit:physicalPort>
        </spirit:portMap>
        <spirit:portMap>
          <spirit:logicalPort>
            <spirit:name>ARPROT</spirit:name>
          </spirit:logicalPort>
          <spirit:physicalPort>
            <spirit:name>s00_axi_arprot</spirit:name>
          </spirit:physicalPort>
        </spirit:portMap>
        <spirit:portMap>
          <spirit:logicalPort>
            <spirit:name>ARVALID</spirit:name>
          </spirit:logicalPort>
          <spirit:physicalPort>
            <spirit:name>s00_axi_arvalid</spirit:name>
          </spirit:physicalPort>
        </spirit:portMap>
        <spirit:portMap>
          <spirit:logicalPort>
            <spirit:name>ARREADY</spirit:name>
          </spirit:logicalPort>
          <spirit:physicalPort>
            <spirit:name>s00_axi_arready</spirit:name>
          </spirit:physicalPort>
        </spirit:portMap>
        <spirit:portMap>
          <spirit:logicalPort>
            <spirit:name>RDATA</spirit:name>
          </spirit:logicalPort>
          <spirit:physicalPort>
            <spirit:name>s00_axi_rdata</spirit:name>
          </spirit:physicalPort>
        </spirit:portMap>
        <spirit:portMap>
          <spirit:logicalPort>
            <spirit:name>RRESP</spirit:name>
          </spirit:logicalPort>
          <spirit:physicalPort>
            <spirit:name>s00_axi_rresp</spirit:name>
          </spirit:physicalPort>
        </spirit:portMap>
        <spirit:portMap>
          <spirit:logicalPort>
            <spirit:name>RVALID</spirit:name>
          </spirit:logicalPort>
          <spirit:physicalPort>
            <spirit:name>s00_axi_rvalid</spirit:name>
          </spirit:physicalPort>
        </spirit:portMap>
        <spirit:portMap>
          <spirit:logicalPort>
            <spirit:name>RREADY</spirit:name>
          </spirit:logicalPort>
          <spirit:physicalPort>
            <spirit:name>s00_axi_rready</spirit:name>
          </spirit:physicalPort>
        </spirit:portMap>
      </spirit:portMaps>
      <spirit:parameters>
        <spirit:parameter>
          <spirit:name>WIZ_DATA_WIDTH</spirit:name>
          <spirit:value spirit:format="long" spirit:id="BUSIFPARAM_VALUE.S00_AXI.WIZ_DATA_WIDTH" spirit:choiceRef="choice_list_6fc15197">32</spirit:value>
        </spirit:parameter>
        <spirit:parameter>
          <spirit:name>WIZ_NUM_REG</spirit:name>
          <spirit:value spirit:format="long" spirit:id="BUSIFPARAM_VALUE.S00_AXI.WIZ_NUM_REG" spirit:minimum="4" spirit:maximum="512" spirit:rangeType="long">4</spirit:value>
        </spirit:parameter>
        <spirit:parameter>
          <spirit:name>SUPPORTS_NARROW_BURST</spirit:name>
          <spirit:value spirit:format="long" spirit:id="BUSIFPARAM_VALUE.S00_AXI.SUPPORTS_NARROW_BURST" spirit:choiceRef="choice_pairs_ce1226b1">0</spirit:value>
        </spirit:parameter>
      </spirit:parameters>
    </spirit:busInterface>
    <spirit:busInterface>
      <spirit:name>S00_AXI_RST</spirit:name>
      <spirit:busType spirit:vendor="xilinx.com" spirit:library="signal" spirit:name="reset" spirit:version="1.0"/>
      <spirit:abstractionType spirit:vendor="xilinx.com" spirit:library="signal" spirit:name="reset_rtl" spirit:version="1.0"/>
      <spirit:slave/>
      <spirit:portMaps>
        <spirit:portMap>
          <spirit:logicalPort>
            <spirit:name>RST</spirit:name>
          </spirit:logicalPort>
          <spirit:physicalPort>
            <spirit:name>s00_axi_aresetn</spirit:name>
          </spirit:physicalPort>
        </spirit:portMap>
      </spirit:portMaps>
      <spirit:parameters>
        <spirit:parameter>
          <spirit:name>POLARITY</spirit:name>
          <spirit:value spirit:id="BUSIFPARAM_VALUE.S00_AXI_RST.POLARITY" spirit:choiceRef="choice_list_9d8b0d81">ACTIVE_LOW</spirit:value>
        </spirit:parameter>
      </spirit:parameters>
    </spirit:busInterface>
    <spirit:busInterface>
      <spirit:name>S00_AXI_CLK</spirit:name>
      <spirit:busType spirit:vendor="xilinx.com" spirit:library="signal" spirit:name="clock" spirit:version="1.0"/>
      <spirit:abstractionType spirit:vendor="xilinx.com" spirit:library="signal" spirit:name="clock_rtl" spirit:version="1.0"/>
      <spirit:slave/>
      <spirit:portMaps>
        <spirit:portMap>
          <spirit:logicalPort>
            <spirit:name>CLK</spirit:name>
          </spirit:logicalPort>
          <spirit:physicalPort>
            <spirit:name>s00_axi_aclk</spirit:name>
          </spirit:physicalPort>
        </spirit:portMap>
      </spirit:portMaps>
      <spirit:parameters>
        <spirit:parameter>
          <spirit:name>ASSOCIATED_BUSIF</spirit:name>
          <spirit:value spirit:id="BUSIFPARAM_VALUE.S00_AXI_CLK.ASSOCIATED_BUSIF">S00_AXI</spirit:value>
        </spirit:parameter>
        <spirit:parameter>
          <spirit:name>ASSOCIATED_RESET</spirit:name>
          <spirit:value spirit:id="BUSIFPARAM_VALUE.S00_AXI_CLK.ASSOCIATED_RESET">s00_axi_aresetn</spirit:value>
        </spirit:parameter>
      </spirit:parameters>
    </spirit:busInterface>
  </spirit:busInterfaces>
  <spirit:memoryMaps>
    <spirit:memoryMap>
      <spirit:name>S00_AXI</spirit:name>
      <spirit:addressBlock>
        <spirit:name>S00_AXI_reg</spirit:name>
        <spirit:baseAddress spirit:format="long" spirit:resolve="user">0</spirit:baseAddress>
        <spirit:range spirit:format="long">4096</spirit:range>
        <spirit:width spirit:format="long">32</spirit:width>
        <spirit:usage>register</spirit:usage>
        <spirit:parameters>
          <spirit:parameter>
            <spirit:name>OFFSET_BASE_PARAM</spirit:name>
            <spirit:value spirit:id="ADDRBLOCKPARAM_VALUE.S00_AXI.S00_AXI_REG.OFFSET_BASE_PARAM">C_S00_AXI_BASEADDR</spirit:value>
          </spirit:parameter>
          <spirit:parameter>
            <spirit:name>OFFSET_HIGH_PARAM</spirit:name>
            <spirit:value spirit:id="ADDRBLOCKPARAM_VALUE.S00_AXI.S00_AXI_REG.OFFSET_HIGH_PARAM">C_S00_AXI_HIGHADDR</spirit:value>
          </spirit:parameter>
        </spirit:parameters>
      </spirit:addressBlock>
    </spirit:memoryMap>
  </spirit:memoryMaps>
  <spirit:model>
    <spirit:views>
      <spirit:view>
        <spirit:name>xilinx_verilogsynthesis</spirit:name>
        <spirit:displayName>Verilog Synthesis</spirit:displayName>
        <spirit:envIdentifier>verilogSource:vivado.xilinx.com:synthesis</spirit:envIdentifier>
        <spirit:language>verilog</spirit:language>
        <spirit:modelName>myip_v1_0</spirit:modelName>
        <spirit:fileSetRef>
          <spirit:localName>xilinx_verilogsynthesis_view_fileset</spirit:localName>
        </spirit:fileSetRef>
        <spirit:parameters>
          <spirit:parameter>
            <spirit:name>viewChecksum</spirit:name>
            <spirit:value>565a3b34</spirit:value>
          </spirit:parameter>
        </spirit:parameters>
      </spirit:view>
      <spirit:view>
        <spirit:name>xilinx_verilogbehavioralsimulation</spirit:name>
        <spirit:displayName>Verilog Simulation</spirit:displayName>
        <spirit:envIdentifier>verilogSource:vivado.xilinx.com:simulation</spirit:envIdentifier>
        <spirit:language>verilog</spirit:language>
        <spirit:modelName>myip_v1_0</spirit:modelName>
        <spirit:fileSetRef>
          <spirit:localName>xilinx_verilogbehavioralsimulation_view_fileset</spirit:localName>
        </spirit:fileSetRef>
        <spirit:parameters>
          <spirit:parameter>
            <spirit:name>viewChecksum</spirit:name>
            <spirit:value>565a3b34</spirit:value>
          </spirit:parameter>
        </spirit:parameters>
      </spirit:view>
      <spirit:view>
        <spirit:name>xilinx_softwaredriver</spirit:name>
        <spirit:displayName>Software Driver</spirit:displayName>
        <spirit:envIdentifier>:vivado.xilinx.com:sw.driver</spirit:envIdentifier>
        <spirit:fileSetRef>
          <spirit:localName>xilinx_softwaredriver_view_fileset</spirit:localName>
        </spirit:fileSetRef>
        <spirit:parameters>
          <spirit:parameter>
            <spirit:name>viewChecksum</spirit:name>
            <spirit:value>28d28eb2</spirit:value>
          </spirit:parameter>
        </spirit:parameters>
      </spirit:view>
      <spirit:view>
        <spirit:name>xilinx_xpgui</spirit:name>
        <spirit:displayName>UI Layout</spirit:displayName>
        <spirit:envIdentifier>:vivado.xilinx.com:xgui.ui</spirit:envIdentifier>
        <spirit:fileSetRef>
          <spirit:localName>xilinx_xpgui_view_fileset</spirit:localName>
        </spirit:fileSetRef>
        <spirit:parameters>
          <spirit:parameter>
            <spirit:name>viewChecksum</spirit:name>
            <spirit:value>dda4df14</spirit:value>
          </spirit:parameter>
        </spirit:parameters>
      </spirit:view>
      <spirit:view>
        <spirit:name>bd_tcl</spirit:name>
        <spirit:displayName>Block Diagram</spirit:displayName>
        <spirit:envIdentifier>:vivado.xilinx.com:block.diagram</spirit:envIdentifier>
        <spirit:fileSetRef>
          <spirit:localName>bd_tcl_view_fileset</spirit:localName>
        </spirit:fileSetRef>
        <spirit:parameters>
          <spirit:parameter>
            <spirit:name>viewChecksum</spirit:name>
            <spirit:value>16328387</spirit:value>
          </spirit:parameter>
        </spirit:parameters>
      </spirit:view>
    </spirit:views>
    <spirit:ports>
      <spirit:port>
        <spirit:name>push_button</spirit:name>
        <spirit:wire>
          <spirit:direction>in</spirit:direction>
          <spirit:wireTypeDefs>
            <spirit:wireTypeDef>
              <spirit:typeName>std_logic</spirit:typeName>
              <spirit:viewNameRef>xilinx_verilogsynthesis</spirit:viewNameRef>
              <spirit:viewNameRef>xilinx_verilogbehavioralsimulation</spirit:viewNameRef>
            </spirit:wireTypeDef>
          </spirit:wireTypeDefs>
        </spirit:wire>
      </spirit:port>
      <spirit:port>
        <spirit:name>dip_switch</spirit:name>
        <spirit:wire>
          <spirit:direction>in</spirit:direction>
          <spirit:wireTypeDefs>
            <spirit:wireTypeDef>
              <spirit:typeName>std_logic</spirit:typeName>
              <spirit:viewNameRef>xilinx_verilogsynthesis</spirit:viewNameRef>
              <spirit:viewNameRef>xilinx_verilogbehavioralsimulation</spirit:viewNameRef>
            </spirit:wireTypeDef>
          </spirit:wireTypeDefs>
        </spirit:wire>
      </spirit:port>
      <spirit:port>
        <spirit:name>leds_out</spirit:name>
        <spirit:wire>
          <spirit:direction>out</spirit:direction>
          <spirit:vector>
            <spirit:left spirit:format="long">7</spirit:left>
            <spirit:right spirit:format="long">0</spirit:right>
          </spirit:vector>
          <spirit:wireTypeDefs>
            <spirit:wireTypeDef>
              <spirit:typeName>reg</spirit:typeName>
              <spirit:viewNameRef>xilinx_verilogsynthesis</spirit:viewNameRef>
              <spirit:viewNameRef>xilinx_verilogbehavioralsimulation</spirit:viewNameRef>
            </spirit:wireTypeDef>
          </spirit:wireTypeDefs>
        </spirit:wire>
      </spirit:port>
      <spirit:port>
        <spirit:name>s00_axi_awaddr</spirit:name>
        <spirit:wire>
          <spirit:direction>in</spirit:direction>
          <spirit:vector>
            <spirit:left spirit:format="long" spirit:resolve="dependent" spirit:dependency="(spirit:decode(id(&apos;MODELPARAM_VALUE.C_S00_AXI_ADDR_WIDTH&apos;)) - 1)">3</spirit:left>
            <spirit:right spirit:format="long">0</spirit:right>
          </spirit:vector>
          <spirit:wireTypeDefs>
            <spirit:wireTypeDef>
              <spirit:typeName>wire</spirit:typeName>
              <spirit:viewNameRef>xilinx_verilogsynthesis</spirit:viewNameRef>
              <spirit:viewNameRef>xilinx_verilogbehavioralsimulation</spirit:viewNameRef>
            </spirit:wireTypeDef>
          </spirit:wireTypeDefs>
        </spirit:wire>
      </spirit:port>
      <spirit:port>
        <spirit:name>s00_axi_awprot</spirit:name>
        <spirit:wire>
          <spirit:direction>in</spirit:direction>
          <spirit:vector>
            <spirit:left spirit:format="long">2</spirit:left>
            <spirit:right spirit:format="long">0</spirit:right>
          </spirit:vector>
          <spirit:wireTypeDefs>
            <spirit:wireTypeDef>
              <spirit:typeName>wire</spirit:typeName>
              <spirit:viewNameRef>xilinx_verilogsynthesis</spirit:viewNameRef>
              <spirit:viewNameRef>xilinx_verilogbehavioralsimulation</spirit:viewNameRef>
            </spirit:wireTypeDef>
          </spirit:wireTypeDefs>
        </spirit:wire>
      </spirit:port>
      <spirit:port>
        <spirit:name>s00_axi_awvalid</spirit:name>
        <spirit:wire>
          <spirit:direction>in</spirit:direction>
          <spirit:wireTypeDefs>
            <spirit:wireTypeDef>
              <spirit:typeName>wire</spirit:typeName>
              <spirit:viewNameRef>xilinx_verilogsynthesis</spirit:viewNameRef>
              <spirit:viewNameRef>xilinx_verilogbehavioralsimulation</spirit:viewNameRef>
            </spirit:wireTypeDef>
          </spirit:wireTypeDefs>
        </spirit:wire>
      </spirit:port>
      <spirit:port>
        <spirit:name>s00_axi_awready</spirit:name>
        <spirit:wire>
          <spirit:direction>out</spirit:direction>
          <spirit:wireTypeDefs>
            <spirit:wireTypeDef>
              <spirit:typeName>wire</spirit:typeName>
              <spirit:viewNameRef>xilinx_verilogsynthesis</spirit:viewNameRef>
              <spirit:viewNameRef>xilinx_verilogbehavioralsimulation</spirit:viewNameRef>
            </spirit:wireTypeDef>
          </spirit:wireTypeDefs>
        </spirit:wire>
      </spirit:port>
      <spirit:port>
        <spirit:name>s00_axi_wdata</spirit:name>
        <spirit:wire>
          <spirit:direction>in</spirit:direction>
          <spirit:vector>
            <spirit:left spirit:format="long" spirit:resolve="dependent" spirit:dependency="(spirit:decode(id(&apos;MODELPARAM_VALUE.C_S00_AXI_DATA_WIDTH&apos;)) - 1)">31</spirit:left>
            <spirit:right spirit:format="long">0</spirit:right>
          </spirit:vector>
          <spirit:wireTypeDefs>
            <spirit:wireTypeDef>
              <spirit:typeName>wire</spirit:typeName>
              <spirit:viewNameRef>xilinx_verilogsynthesis</spirit:viewNameRef>
              <spirit:viewNameRef>xilinx_verilogbehavioralsimulation</spirit:viewNameRef>
            </spirit:wireTypeDef>
          </spirit:wireTypeDefs>
        </spirit:wire>
      </spirit:port>
      <spirit:port>
        <spirit:name>s00_axi_wstrb</spirit:name>
        <spirit:wire>
          <spirit:direction>in</spirit:direction>
          <spirit:vector>
            <spirit:left spirit:format="long" spirit:resolve="dependent" spirit:dependency="((spirit:decode(id(&apos;MODELPARAM_VALUE.C_S00_AXI_DATA_WIDTH&apos;)) / 8) - 1)">3</spirit:left>
            <spirit:right spirit:format="long">0</spirit:right>
          </spirit:vector>
          <spirit:wireTypeDefs>
            <spirit:wireTypeDef>
              <spirit:typeName>wire</spirit:typeName>
              <spirit:viewNameRef>xilinx_verilogsynthesis</spirit:viewNameRef>
              <spirit:viewNameRef>xilinx_verilogbehavioralsimulation</spirit:viewNameRef>
            </spirit:wireTypeDef>
          </spirit:wireTypeDefs>
        </spirit:wire>
      </spirit:port>
      <spirit:port>
        <spirit:name>s00_axi_wvalid</spirit:name>
        <spirit:wire>
          <spirit:direction>in</spirit:direction>
          <spirit:wireTypeDefs>
            <spirit:wireTypeDef>
              <spirit:typeName>wire</spirit:typeName>
              <spirit:viewNameRef>xilinx_verilogsynthesis</spirit:viewNameRef>
              <spirit:viewNameRef>xilinx_verilogbehavioralsimulation</spirit:viewNameRef>
            </spirit:wireTypeDef>
          </spirit:wireTypeDefs>
        </spirit:wire>
      </spirit:port>
      <spirit:port>
        <spirit:name>s00_axi_wready</spirit:name>
        <spirit:wire>
          <spirit:direction>out</spirit:direction>
          <spirit:wireTypeDefs>
            <spirit:wireTypeDef>
              <spirit:typeName>wire</spirit:typeName>
              <spirit:viewNameRef>xilinx_verilogsynthesis</spirit:viewNameRef>
              <spirit:viewNameRef>xilinx_verilogbehavioralsimulation</spirit:viewNameRef>
            </spirit:wireTypeDef>
          </spirit:wireTypeDefs>
        </spirit:wire>
      </spirit:port>
      <spirit:port>
        <spirit:name>s00_axi_bresp</spirit:name>
        <spirit:wire>
          <spirit:direction>out</spirit:direction>
          <spirit:vector>
            <spirit:left spirit:format="long">1</spirit:left>
            <spirit:right spirit:format="long">0</spirit:right>
          </spirit:vector>
          <spirit:wireTypeDefs>
            <spirit:wireTypeDef>
              <spirit:typeName>wire</spirit:typeName>
              <spirit:viewNameRef>xilinx_verilogsynthesis</spirit:viewNameRef>
              <spirit:viewNameRef>xilinx_verilogbehavioralsimulation</spirit:viewNameRef>
            </spirit:wireTypeDef>
          </spirit:wireTypeDefs>
        </spirit:wire>
      </spirit:port>
      <spirit:port>
        <spirit:name>s00_axi_bvalid</spirit:name>
        <spirit:wire>
          <spirit:direction>out</spirit:direction>
          <spirit:wireTypeDefs>
            <spirit:wireTypeDef>
              <spirit:typeName>wire</spirit:typeName>
              <spirit:viewNameRef>xilinx_verilogsynthesis</spirit:viewNameRef>
              <spirit:viewNameRef>xilinx_verilogbehavioralsimulation</spirit:viewNameRef>
            </spirit:wireTypeDef>
          </spirit:wireTypeDefs>
        </spirit:wire>
      </spirit:port>
      <spirit:port>
        <spirit:name>s00_axi_bready</spirit:name>
        <spirit:wire>
          <spirit:direction>in</spirit:direction>
          <spirit:wireTypeDefs>
            <spirit:wireTypeDef>
              <spirit:typeName>wire</spirit:typeName>
              <spirit:viewNameRef>xilinx_verilogsynthesis</spirit:viewNameRef>
              <spirit:viewNameRef>xilinx_verilogbehavioralsimulation</spirit:viewNameRef>
            </spirit:wireTypeDef>
          </spirit:wireTypeDefs>
        </spirit:wire>
      </spirit:port>
      <spirit:port>
        <spirit:name>s00_axi_araddr</spirit:name>
        <spirit:wire>
          <spirit:direction>in</spirit:direction>
          <spirit:vector>
            <spirit:left spirit:format="long" spirit:resolve="dependent" spirit:dependency="(spirit:decode(id(&apos;MODELPARAM_VALUE.C_S00_AXI_ADDR_WIDTH&apos;)) - 1)">3</spirit:left>
            <spirit:right spirit:format="long">0</spirit:right>
          </spirit:vector>
          <spirit:wireTypeDefs>
            <spirit:wireTypeDef>
              <spirit:typeName>wire</spirit:typeName>
              <spirit:viewNameRef>xilinx_verilogsynthesis</spirit:viewNameRef>
              <spirit:viewNameRef>xilinx_verilogbehavioralsimulation</spirit:viewNameRef>
            </spirit:wireTypeDef>
          </spirit:wireTypeDefs>
        </spirit:wire>
      </spirit:port>
      <spirit:port>
        <spirit:name>s00_axi_arprot</spirit:name>
        <spirit:wire>
          <spirit:direction>in</spirit:direction>
          <spirit:vector>
            <spirit:left spirit:format="long">2</spirit:left>
            <spirit:right spirit:format="long">0</spirit:right>
          </spirit:vector>
          <spirit:wireTypeDefs>
            <spirit:wireTypeDef>
              <spirit:typeName>wire</spirit:typeName>
              <spirit:viewNameRef>xilinx_verilogsynthesis</spirit:viewNameRef>
              <spirit:viewNameRef>xilinx_verilogbehavioralsimulation</spirit:viewNameRef>
            </spirit:wireTypeDef>
          </spirit:wireTypeDefs>
        </spirit:wire>
      </spirit:port>
      <spirit:port>
        <spirit:name>s00_axi_arvalid</spirit:name>
        <spirit:wire>
          <spirit:direction>in</spirit:direction>
          <spirit:wireTypeDefs>
            <spirit:wireTypeDef>
              <spirit:typeName>wire</spirit:typeName>
              <spirit:viewNameRef>xilinx_verilogsynthesis</spirit:viewNameRef>
              <spirit:viewNameRef>xilinx_verilogbehavioralsimulation</spirit:viewNameRef>
            </spirit:wireTypeDef>
          </spirit:wireTypeDefs>
        </spirit:wire>
      </spirit:port>
      <spirit:port>
        <spirit:name>s00_axi_arready</spirit:name>
        <spirit:wire>
          <spirit:direction>out</spirit:direction>
          <spirit:wireTypeDefs>
            <spirit:wireTypeDef>
              <spirit:typeName>wire</spirit:typeName>
              <spirit:viewNameRef>xilinx_verilogsynthesis</spirit:viewNameRef>
              <spirit:viewNameRef>xilinx_verilogbehavioralsimulation</spirit:viewNameRef>
            </spirit:wireTypeDef>
          </spirit:wireTypeDefs>
        </spirit:wire>
      </spirit:port>
      <spirit:port>
        <spirit:name>s00_axi_rdata</spirit:name>
        <spirit:wire>
          <spirit:direction>out</spirit:direction>
          <spirit:vector>
            <spirit:left spirit:format="long" spirit:resolve="dependent" spirit:dependency="(spirit:decode(id(&apos;MODELPARAM_VALUE.C_S00_AXI_DATA_WIDTH&apos;)) - 1)">31</spirit:left>
            <spirit:right spirit:format="long">0</spirit:right>
          </spirit:vector>
          <spirit:wireTypeDefs>
            <spirit:wireTypeDef>
              <spirit:typeName>wire</spirit:typeName>
              <spirit:viewNameRef>xilinx_verilogsynthesis</spirit:viewNameRef>
              <spirit:viewNameRef>xilinx_verilogbehavioralsimulation</spirit:viewNameRef>
            </spirit:wireTypeDef>
          </spirit:wireTypeDefs>
        </spirit:wire>
      </spirit:port>
      <spirit:port>
        <spirit:name>s00_axi_rresp</spirit:name>
        <spirit:wire>
          <spirit:direction>out</spirit:direction>
          <spirit:vector>
            <spirit:left spirit:format="long">1</spirit:left>
            <spirit:right spirit:format="long">0</spirit:right>
          </spirit:vector>
          <spirit:wireTypeDefs>
            <spirit:wireTypeDef>
              <spirit:typeName>wire</spirit:typeName>
              <spirit:viewNameRef>xilinx_verilogsynthesis</spirit:viewNameRef>
              <spirit:viewNameRef>xilinx_verilogbehavioralsimulation</spirit:viewNameRef>
            </spirit:wireTypeDef>
          </spirit:wireTypeDefs>
        </spirit:wire>
      </spirit:port>
      <spirit:port>
        <spirit:name>s00_axi_rvalid</spirit:name>
        <spirit:wire>
          <spirit:direction>out</spirit:direction>
          <spirit:wireTypeDefs>
            <spirit:wireTypeDef>
              <spirit:typeName>wire</spirit:typeName>
              <spirit:viewNameRef>xilinx_verilogsynthesis</spirit:viewNameRef>
              <spirit:viewNameRef>xilinx_verilogbehavioralsimulation</spirit:viewNameRef>
            </spirit:wireTypeDef>
          </spirit:wireTypeDefs>
        </spirit:wire>
      </spirit:port>
      <spirit:port>
        <spirit:name>s00_axi_rready</spirit:name>
        <spirit:wire>
          <spirit:direction>in</spirit:direction>
          <spirit:wireTypeDefs>
            <spirit:wireTypeDef>
              <spirit:typeName>wire</spirit:typeName>
              <spirit:viewNameRef>xilinx_verilogsynthesis</spirit:viewNameRef>
              <spirit:viewNameRef>xilinx_verilogbehavioralsimulation</spirit:viewNameRef>
            </spirit:wireTypeDef>
          </spirit:wireTypeDefs>
        </spirit:wire>
      </spirit:port>
      <spirit:port>
        <spirit:name>s00_axi_aclk</spirit:name>
        <spirit:wire>
          <spirit:direction>in</spirit:direction>
          <spirit:wireTypeDefs>
            <spirit:wireTypeDef>
              <spirit:typeName>wire</spirit:typeName>
              <spirit:viewNameRef>xilinx_verilogsynthesis</spirit:viewNameRef>
              <spirit:viewNameRef>xilinx_verilogbehavioralsimulation</spirit:viewNameRef>
            </spirit:wireTypeDef>
          </spirit:wireTypeDefs>
        </spirit:wire>
      </spirit:port>
      <spirit:port>
        <spirit:name>s00_axi_aresetn</spirit:name>
        <spirit:wire>
          <spirit:direction>in</spirit:direction>
          <spirit:wireTypeDefs>
            <spirit:wireTypeDef>
              <spirit:typeName>wire</spirit:typeName>
              <spirit:viewNameRef>xilinx_verilogsynthesis</spirit:viewNameRef>
              <spirit:viewNameRef>xilinx_verilogbehavioralsimulation</spirit:viewNameRef>
            </spirit:wireTypeDef>
          </spirit:wireTypeDefs>
        </spirit:wire>
      </spirit:port>
    </spirit:ports>
    <spirit:modelParameters>
      <spirit:modelParameter xsi:type="spirit:nameValueTypeType" spirit:dataType="integer">
        <spirit:name>C_S00_AXI_DATA_WIDTH</spirit:name>
        <spirit:displayName>C S00 AXI DATA WIDTH</spirit:displayName>
        <spirit:description>Width of S_AXI data bus</spirit:description>
        <spirit:value spirit:format="long" spirit:resolve="generated" spirit:id="MODELPARAM_VALUE.C_S00_AXI_DATA_WIDTH" spirit:order="3" spirit:rangeType="long">32</spirit:value>
      </spirit:modelParameter>
      <spirit:modelParameter spirit:dataType="integer">
        <spirit:name>C_S00_AXI_ADDR_WIDTH</spirit:name>
        <spirit:displayName>C S00 AXI ADDR WIDTH</spirit:displayName>
        <spirit:description>Width of S_AXI address bus</spirit:description>
        <spirit:value spirit:format="long" spirit:resolve="generated" spirit:id="MODELPARAM_VALUE.C_S00_AXI_ADDR_WIDTH" spirit:order="4" spirit:rangeType="long">4</spirit:value>
      </spirit:modelParameter>
    </spirit:modelParameters>
  </spirit:model>
  <spirit:choices>
    <spirit:choice>
      <spirit:name>choice_list_6fc15197</spirit:name>
      <spirit:enumeration>32</spirit:enumeration>
    </spirit:choice>
    <spirit:choice>
      <spirit:name>choice_list_9d8b0d81</spirit:name>
      <spirit:enumeration>ACTIVE_HIGH</spirit:enumeration>
      <spirit:enumeration>ACTIVE_LOW</spirit:enumeration>
    </spirit:choice>
    <spirit:choice>
      <spirit:name>choice_pairs_ce1226b1</spirit:name>
      <spirit:enumeration spirit:text="true">1</spirit:enumeration>
      <spirit:enumeration spirit:text="false">0</spirit:enumeration>
    </spirit:choice>
  </spirit:choices>
  <spirit:fileSets>
    <spirit:fileSet>
      <spirit:name>xilinx_verilogsynthesis_view_fileset</spirit:name>
      <spirit:file>
        <spirit:name>hdl/myip_v1_0_S00_AXI.v</spirit:name>
        <spirit:fileType>verilogSource</spirit:fileType>
      </spirit:file>
      <spirit:file>
        <spirit:name>hdl/myip_v1_0.v</spirit:name>
        <spirit:fileType>verilogSource</spirit:fileType>
        <spirit:userFileType>CHECKSUM_40278971</spirit:userFileType>
      </spirit:file>
    </spirit:fileSet>
    <spirit:fileSet>
      <spirit:name>xilinx_verilogbehavioralsimulation_view_fileset</spirit:name>
      <spirit:file>
        <spirit:name>hdl/myip_v1_0_S00_AXI.v</spirit:name>
        <spirit:fileType>verilogSource</spirit:fileType>
      </spirit:file>
      <spirit:file>
        <spirit:name>hdl/myip_v1_0.v</spirit:name>
        <spirit:fileType>verilogSource</spirit:fileType>
      </spirit:file>
    </spirit:fileSet>
    <spirit:fileSet>
      <spirit:name>xilinx_softwaredriver_view_fileset</spirit:name>
      <spirit:file>
        <spirit:name>drivers/myip_v1_0/data/myip.mdd</spirit:name>
        <spirit:userFileType>mdd</spirit:userFileType>
        <spirit:userFileType>driver_mdd</spirit:userFileType>
      </spirit:file>
      <spirit:file>
        <spirit:name>drivers/myip_v1_0/data/myip.tcl</spirit:name>
        <spirit:fileType>tclSource</spirit:fileType>
        <spirit:userFileType>driver_tcl</spirit:userFileType>
      </spirit:file>
      <spirit:file>
        <spirit:name>drivers/myip_v1_0/src/Makefile</spirit:name>
        <spirit:userFileType>driver_src</spirit:userFileType>
      </spirit:file>
      <spirit:file>
        <spirit:name>drivers/myip_v1_0/src/myip.h</spirit:name>
        <spirit:fileType>cSource</spirit:fileType>
        <spirit:userFileType>driver_src</spirit:userFileType>
      </spirit:file>
      <spirit:file>
        <spirit:name>drivers/myip_v1_0/src/myip.c</spirit:name>
        <spirit:fileType>cSource</spirit:fileType>
        <spirit:userFileType>driver_src</spirit:userFileType>
      </spirit:file>
      <spirit:file>
        <spirit:name>drivers/myip_v1_0/src/myip_selftest.c</spirit:name>
        <spirit:fileType>cSource</spirit:fileType>
        <spirit:userFileType>driver_src</spirit:userFileType>
      </spirit:file>
    </spirit:fileSet>
    <spirit:fileSet>
      <spirit:name>xilinx_xpgui_view_fileset</spirit:name>
      <spirit:file>
        <spirit:name>xgui/myip_v1_0.tcl</spirit:name>
        <spirit:fileType>tclSource</spirit:fileType>
        <spirit:userFileType>CHECKSUM_dda4df14</spirit:userFileType>
        <spirit:userFileType>XGUI_VERSION_2</spirit:userFileType>
      </spirit:file>
    </spirit:fileSet>
    <spirit:fileSet>
      <spirit:name>bd_tcl_view_fileset</spirit:name>
      <spirit:file>
        <spirit:name>bd/bd.tcl</spirit:name>
        <spirit:fileType>tclSource</spirit:fileType>
      </spirit:file>
    </spirit:fileSet>
  </spirit:fileSets>
  <spirit:description>My new AXI IP</spirit:description>
  <spirit:parameters>
    <spirit:parameter>
      <spirit:name>C_S00_AXI_DATA_WIDTH</spirit:name>
      <spirit:displayName>C S00 AXI DATA WIDTH</spirit:displayName>
      <spirit:description>Width of S_AXI data bus</spirit:description>
      <spirit:value spirit:format="long" spirit:resolve="user" spirit:id="PARAM_VALUE.C_S00_AXI_DATA_WIDTH" spirit:choiceRef="choice_list_6fc15197" spirit:order="3">32</spirit:value>
      <spirit:vendorExtensions>
        <xilinx:parameterInfo>
          <xilinx:enablement>
            <xilinx:isEnabled xilinx:id="PARAM_ENABLEMENT.C_S00_AXI_DATA_WIDTH">false</xilinx:isEnabled>
          </xilinx:enablement>
        </xilinx:parameterInfo>
      </spirit:vendorExtensions>
    </spirit:parameter>
    <spirit:parameter>
      <spirit:name>C_S00_AXI_ADDR_WIDTH</spirit:name>
      <spirit:displayName>C S00 AXI ADDR WIDTH</spirit:displayName>
      <spirit:description>Width of S_AXI address bus</spirit:description>
      <spirit:value spirit:format="long" spirit:resolve="user" spirit:id="PARAM_VALUE.C_S00_AXI_ADDR_WIDTH" spirit:order="4" spirit:rangeType="long">4</spirit:value>
      <spirit:vendorExtensions>
        <xilinx:parameterInfo>
          <xilinx:enablement>
            <xilinx:isEnabled xilinx:id="PARAM_ENABLEMENT.C_S00_AXI_ADDR_WIDTH">false</xilinx:isEnabled>
          </xilinx:enablement>
        </xilinx:parameterInfo>
      </spirit:vendorExtensions>
    </spirit:parameter>
    <spirit:parameter>
      <spirit:name>C_S00_AXI_BASEADDR</spirit:name>
      <spirit:displayName>C S00 AXI BASEADDR</spirit:displayName>
      <spirit:value spirit:format="bitString" spirit:resolve="user" spirit:id="PARAM_VALUE.C_S00_AXI_BASEADDR" spirit:order="5" spirit:bitStringLength="32">0xFFFFFFFF</spirit:value>
      <spirit:vendorExtensions>
        <xilinx:parameterInfo>
          <xilinx:enablement>
            <xilinx:isEnabled xilinx:id="PARAM_ENABLEMENT.C_S00_AXI_BASEADDR">false</xilinx:isEnabled>
          </xilinx:enablement>
        </xilinx:parameterInfo>
      </spirit:vendorExtensions>
    </spirit:parameter>
    <spirit:parameter>
      <spirit:name>C_S00_AXI_HIGHADDR</spirit:name>
      <spirit:displayName>C S00 AXI HIGHADDR</spirit:displayName>
      <spirit:value spirit:format="bitString" spirit:resolve="user" spirit:id="PARAM_VALUE.C_S00_AXI_HIGHADDR" spirit:order="6" spirit:bitStringLength="32">0x00000000</spirit:value>
      <spirit:vendorExtensions>
        <xilinx:parameterInfo>
          <xilinx:enablement>
            <xilinx:isEnabled xilinx:id="PARAM_ENABLEMENT.C_S00_AXI_HIGHADDR">false</xilinx:isEnabled>
          </xilinx:enablement>
        </xilinx:parameterInfo>
      </spirit:vendorExtensions>
    </spirit:parameter>
    <spirit:parameter>
      <spirit:name>Component_Name</spirit:name>
      <spirit:value spirit:resolve="user" spirit:id="PARAM_VALUE.Component_Name" spirit:order="1">myip_v1_0</spirit:value>
    </spirit:parameter>
  </spirit:parameters>
  <spirit:vendorExtensions>
    <xilinx:coreExtensions>
      <xilinx:supportedFamilies>
        <xilinx:family xilinx:lifeCycle="Pre-Production">zynq</xilinx:family>
      </xilinx:supportedFamilies>
      <xilinx:taxonomies>
        <xilinx:taxonomy>AXI_Peripheral</xilinx:taxonomy>
      </xilinx:taxonomies>
      <xilinx:displayName>myip_v1.0</xilinx:displayName>
      <xilinx:coreRevision>9</xilinx:coreRevision>
      <xilinx:coreCreationDateTime>2019-05-22T10:03:21Z</xilinx:coreCreationDateTime>
      <xilinx:tags>
        <xilinx:tag xilinx:name="ui.data.coregen.dd@452583f7_ARCHIVE_LOCATION">c:/ip_repo/myip_1.0</xilinx:tag>
        <xilinx:tag xilinx:name="ui.data.coregen.dd@6e26db5e_ARCHIVE_LOCATION">c:/ip_repo/myip_1.0</xilinx:tag>
        <xilinx:tag xilinx:name="ui.data.coregen.dd@5e2a8f54_ARCHIVE_LOCATION">c:/ip_repo/myip_1.0</xilinx:tag>
        <xilinx:tag xilinx:name="ui.data.coregen.dd@6eb0335d_ARCHIVE_LOCATION">c:/ip_repo/myip_1.0</xilinx:tag>
        <xilinx:tag xilinx:name="ui.data.coregen.dd@2d47c8be_ARCHIVE_LOCATION">c:/ip_repo/myip_1.0</xilinx:tag>
        <xilinx:tag xilinx:name="ui.data.coregen.dd@28461f1b_ARCHIVE_LOCATION">c:/ip_repo/myip_1.0</xilinx:tag>
        <xilinx:tag xilinx:name="ui.data.coregen.dd@4affe3eb_ARCHIVE_LOCATION">c:/ip_repo/myip_1.0</xilinx:tag>
        <xilinx:tag xilinx:name="ui.data.coregen.dd@4cf35869_ARCHIVE_LOCATION">c:/ip_repo/myip_1.0</xilinx:tag>
        <xilinx:tag xilinx:name="ui.data.coregen.dd@28b66476_ARCHIVE_LOCATION">c:/ip_repo/myip_1.0</xilinx:tag>
        <xilinx:tag xilinx:name="ui.data.coregen.dd@46e352b9_ARCHIVE_LOCATION">c:/ip_repo/myip_1.0</xilinx:tag>
        <xilinx:tag xilinx:name="ui.data.coregen.dd@dfc3760_ARCHIVE_LOCATION">c:/ip_repo/myip_1.0</xilinx:tag>
        <xilinx:tag xilinx:name="ui.data.coregen.dd@2d2ddab7_ARCHIVE_LOCATION">c:/ip_repo/myip_1.0</xilinx:tag>
        <xilinx:tag xilinx:name="ui.data.coregen.dd@57d095_ARCHIVE_LOCATION">c:/ip_repo/myip_1.0</xilinx:tag>
        <xilinx:tag xilinx:name="ui.data.coregen.dd@72e21984_ARCHIVE_LOCATION">c:/ip_repo/myip_1.0</xilinx:tag>
        <xilinx:tag xilinx:name="ui.data.coregen.dd@488bd056_ARCHIVE_LOCATION">c:/ip_repo/myip_1.0</xilinx:tag>
        <xilinx:tag xilinx:name="ui.data.coregen.dd@e2c867c_ARCHIVE_LOCATION">c:/ip_repo/myip_1.0</xilinx:tag>
        <xilinx:tag xilinx:name="ui.data.coregen.dd@4926dbb2_ARCHIVE_LOCATION">c:/ip_repo/myip_1.0</xilinx:tag>
        <xilinx:tag xilinx:name="ui.data.coregen.dd@3c1e8257_ARCHIVE_LOCATION">c:/ip_repo/myip_1.0</xilinx:tag>
        <xilinx:tag xilinx:name="ui.data.coregen.dd@7bdc5a69_ARCHIVE_LOCATION">c:/ip_repo/myip_1.0</xilinx:tag>
        <xilinx:tag xilinx:name="ui.data.coregen.dd@139e912_ARCHIVE_LOCATION">c:/ip_repo/myip_1.0</xilinx:tag>
        <xilinx:tag xilinx:name="ui.data.coregen.dd@2f380434_ARCHIVE_LOCATION">c:/ip_repo/myip_1.0</xilinx:tag>
        <xilinx:tag xilinx:name="ui.data.coregen.dd@6078050a_ARCHIVE_LOCATION">c:/ip_repo/myip_1.0</xilinx:tag>
        <xilinx:tag xilinx:name="ui.data.coregen.dd@3e5dafa9_ARCHIVE_LOCATION">c:/ip_repo/myip_1.0</xilinx:tag>
        <xilinx:tag xilinx:name="ui.data.coregen.dd@4be559b1_ARCHIVE_LOCATION">c:/ip_repo/myip_1.0</xilinx:tag>
        <xilinx:tag xilinx:name="ui.data.coregen.dd@46d46690_ARCHIVE_LOCATION">c:/ip_repo/myip_1.0</xilinx:tag>
        <xilinx:tag xilinx:name="ui.data.coregen.dd@387c401_ARCHIVE_LOCATION">c:/ip_repo/myip_1.0</xilinx:tag>
        <xilinx:tag xilinx:name="ui.data.coregen.dd@6da1c1fb_ARCHIVE_LOCATION">c:/ip_repo/myip_1.0</xilinx:tag>
        <xilinx:tag xilinx:name="ui.data.coregen.dd@57111cd7_ARCHIVE_LOCATION">c:/ip_repo/myip_1.0</xilinx:tag>
        <xilinx:tag xilinx:name="ui.data.coregen.dd@e9bfa64_ARCHIVE_LOCATION">c:/ip_repo/myip_1.0</xilinx:tag>
        <xilinx:tag xilinx:name="ui.data.coregen.dd@1a046b46_ARCHIVE_LOCATION">c:/ip_repo/myip_1.0</xilinx:tag>
        <xilinx:tag xilinx:name="ui.data.coregen.dd@391c3e31_ARCHIVE_LOCATION">c:/ip_repo/myip_1.0</xilinx:tag>
        <xilinx:tag xilinx:name="ui.data.coregen.dd@38fb9788_ARCHIVE_LOCATION">c:/ip_repo/myip_1.0</xilinx:tag>
        <xilinx:tag xilinx:name="ui.data.coregen.dd@1e000b26_ARCHIVE_LOCATION">c:/ip_repo/myip_1.0</xilinx:tag>
        <xilinx:tag xilinx:name="ui.data.coregen.dd@2b9e1b8b_ARCHIVE_LOCATION">c:/ip_repo/myip_1.0</xilinx:tag>
        <xilinx:tag xilinx:name="ui.data.coregen.dd@6e2606a5_ARCHIVE_LOCATION">c:/ip_repo/myip_1.0</xilinx:tag>
        <xilinx:tag xilinx:name="ui.data.coregen.dd@6b4c644_ARCHIVE_LOCATION">c:/ip_repo/myip_1.0</xilinx:tag>
        <xilinx:tag xilinx:name="ui.data.coregen.dd@4bfb3f8_ARCHIVE_LOCATION">c:/ip_repo/myip_1.0</xilinx:tag>
        <xilinx:tag xilinx:name="ui.data.coregen.dd@6e7a66bf_ARCHIVE_LOCATION">c:/ip_repo/myip_1.0</xilinx:tag>
        <xilinx:tag xilinx:name="ui.data.coregen.dd@540d011_ARCHIVE_LOCATION">c:/ip_repo/myip_1.0</xilinx:tag>
        <xilinx:tag xilinx:name="ui.data.coregen.dd@19ecf84e_ARCHIVE_LOCATION">c:/ip_repo/myip_1.0</xilinx:tag>
        <xilinx:tag xilinx:name="ui.data.coregen.dd@3392230d_ARCHIVE_LOCATION">c:/ip_repo/myip_1.0</xilinx:tag>
        <xilinx:tag xilinx:name="ui.data.coregen.dd@28852af8_ARCHIVE_LOCATION">c:/ip_repo/myip_1.0</xilinx:tag>
        <xilinx:tag xilinx:name="ui.data.coregen.dd@751decac_ARCHIVE_LOCATION">c:/ip_repo/myip_1.0</xilinx:tag>
        <xilinx:tag xilinx:name="ui.data.coregen.dd@77a5dd8e_ARCHIVE_LOCATION">c:/ip_repo/myip_1.0</xilinx:tag>
        <xilinx:tag xilinx:name="ui.data.coregen.dd@44417a6f_ARCHIVE_LOCATION">c:/ip_repo/myip_1.0</xilinx:tag>
        <xilinx:tag xilinx:name="ui.data.coregen.dd@36bd492a_ARCHIVE_LOCATION">c:/ip_repo/myip_1.0</xilinx:tag>
        <xilinx:tag xilinx:name="ui.data.coregen.dd@62951e0_ARCHIVE_LOCATION">c:/ip_repo/myip_1.0</xilinx:tag>
        <xilinx:tag xilinx:name="ui.data.coregen.dd@3893e721_ARCHIVE_LOCATION">c:/ip_repo/myip_1.0</xilinx:tag>
        <xilinx:tag xilinx:name="ui.data.coregen.dd@27b0be34_ARCHIVE_LOCATION">c:/ip_repo/myip_1.0</xilinx:tag>
        <xilinx:tag xilinx:name="ui.data.coregen.dd@1a22726e_ARCHIVE_LOCATION">c:/ip_repo/myip_1.0</xilinx:tag>
        <xilinx:tag xilinx:name="ui.data.coregen.dd@225f2ace_ARCHIVE_LOCATION">c:/ip_repo/myip_1.0</xilinx:tag>
        <xilinx:tag xilinx:name="ui.data.coregen.dd@340311f2_ARCHIVE_LOCATION">c:/ip_repo/myip_1.0</xilinx:tag>
        <xilinx:tag xilinx:name="ui.data.coregen.dd@93f884e_ARCHIVE_LOCATION">c:/ip_repo/myip_1.0</xilinx:tag>
        <xilinx:tag xilinx:name="ui.data.coregen.dd@6c89ff2c_ARCHIVE_LOCATION">c:/ip_repo/myip_1.0</xilinx:tag>
        <xilinx:tag xilinx:name="ui.data.coregen.dd@303c1c22_ARCHIVE_LOCATION">c:/ip_repo/myip_1.0</xilinx:tag>
        <xilinx:tag xilinx:name="ui.data.coregen.dd@6571a55e_ARCHIVE_LOCATION">c:/ip_repo/myip_1.0</xilinx:tag>
        <xilinx:tag xilinx:name="ui.data.coregen.dd@4b28c63e_ARCHIVE_LOCATION">c:/ip_repo/myip_1.0</xilinx:tag>
        <xilinx:tag xilinx:name="ui.data.coregen.dd@7b5a615e_ARCHIVE_LOCATION">c:/ip_repo/myip_1.0</xilinx:tag>
        <xilinx:tag xilinx:name="ui.data.coregen.dd@7b8cba7_ARCHIVE_LOCATION">c:/ip_repo/myip_1.0</xilinx:tag>
        <xilinx:tag xilinx:name="ui.data.coregen.dd@526a9e14_ARCHIVE_LOCATION">c:/ip_repo/myip_1.0</xilinx:tag>
        <xilinx:tag xilinx:name="ui.data.coregen.dd@57c0b792_ARCHIVE_LOCATION">c:/ip_repo/myip_1.0</xilinx:tag>
        <xilinx:tag xilinx:name="ui.data.coregen.dd@4ea8f1f1_ARCHIVE_LOCATION">c:/ip_repo/myip_1.0</xilinx:tag>
        <xilinx:tag xilinx:name="ui.data.coregen.dd@73539219_ARCHIVE_LOCATION">c:/ip_repo/myip_1.0</xilinx:tag>
        <xilinx:tag xilinx:name="ui.data.coregen.dd@43c2978a_ARCHIVE_LOCATION">c:/ip_repo/myip_1.0</xilinx:tag>
        <xilinx:tag xilinx:name="ui.data.coregen.dd@504b9c72_ARCHIVE_LOCATION">c:/ip_repo/myip_1.0</xilinx:tag>
        <xilinx:tag xilinx:name="ui.data.coregen.dd@26e6fc06_ARCHIVE_LOCATION">c:/ip_repo/myip_1.0</xilinx:tag>
        <xilinx:tag xilinx:name="ui.data.coregen.dd@16823bef_ARCHIVE_LOCATION">c:/ip_repo/myip_1.0</xilinx:tag>
        <xilinx:tag xilinx:name="ui.data.coregen.dd@21312d4f_ARCHIVE_LOCATION">c:/ip_repo/myip_1.0</xilinx:tag>
        <xilinx:tag xilinx:name="ui.data.coregen.dd@560cbd95_ARCHIVE_LOCATION">c:/ip_repo/myip_1.0</xilinx:tag>
        <xilinx:tag xilinx:name="ui.data.coregen.dd@16619594_ARCHIVE_LOCATION">c:/ip_repo/myip_1.0</xilinx:tag>
        <xilinx:tag xilinx:name="ui.data.coregen.dd@bfb2f7e_ARCHIVE_LOCATION">c:/ip_repo/myip_1.0</xilinx:tag>
        <xilinx:tag xilinx:name="ui.data.coregen.dd@69717ceb_ARCHIVE_LOCATION">c:/ip_repo/myip_1.0</xilinx:tag>
        <xilinx:tag xilinx:name="ui.data.coregen.dd@7b83ec20_ARCHIVE_LOCATION">c:/ip_repo/myip_1.0</xilinx:tag>
        <xilinx:tag xilinx:name="ui.data.coregen.dd@28de506c_ARCHIVE_LOCATION">c:/ip_repo/myip_1.0</xilinx:tag>
        <xilinx:tag xilinx:name="ui.data.coregen.dd@66c2b584_ARCHIVE_LOCATION">c:/ip_repo/myip_1.0</xilinx:tag>
        <xilinx:tag xilinx:name="ui.data.coregen.dd@240634b0_ARCHIVE_LOCATION">c:/ip_repo/myip_1.0</xilinx:tag>
        <xilinx:tag xilinx:name="ui.data.coregen.dd@5795511d_ARCHIVE_LOCATION">c:/ip_repo/myip_1.0</xilinx:tag>
        <xilinx:tag xilinx:name="ui.data.coregen.dd@5a8b1408_ARCHIVE_LOCATION">c:/ip_repo/myip_1.0</xilinx:tag>
        <xilinx:tag xilinx:name="ui.data.coregen.dd@32994835_ARCHIVE_LOCATION">c:/ip_repo/myip_1.0</xilinx:tag>
        <xilinx:tag xilinx:name="ui.data.coregen.dd@5e498960_ARCHIVE_LOCATION">c:/ip_repo/myip_1.0</xilinx:tag>
        <xilinx:tag xilinx:name="ui.data.coregen.dd@4992af68_ARCHIVE_LOCATION">c:/ip_repo/myip_1.0</xilinx:tag>
        <xilinx:tag xilinx:name="ui.data.coregen.dd@6c2cf94e_ARCHIVE_LOCATION">c:/ip_repo/myip_1.0</xilinx:tag>
        <xilinx:tag xilinx:name="ui.data.coregen.dd@56124af5_ARCHIVE_LOCATION">c:/ip_repo/myip_1.0</xilinx:tag>
        <xilinx:tag xilinx:name="ui.data.coregen.dd@23beb40d_ARCHIVE_LOCATION">c:/ip_repo/myip_1.0</xilinx:tag>
        <xilinx:tag xilinx:name="ui.data.coregen.dd@63074946_ARCHIVE_LOCATION">c:/ip_repo/myip_1.0</xilinx:tag>
        <xilinx:tag xilinx:name="ui.data.coregen.dd@6b79abc1_ARCHIVE_LOCATION">c:/ip_repo/myip_1.0</xilinx:tag>
        <xilinx:tag xilinx:name="ui.data.coregen.dd@38dfa275_ARCHIVE_LOCATION">c:/ip_repo/myip_1.0</xilinx:tag>
        <xilinx:tag xilinx:name="ui.data.coregen.dd@16895ef9_ARCHIVE_LOCATION">c:/ip_repo/myip_1.0</xilinx:tag>
        <xilinx:tag xilinx:name="ui.data.coregen.dd@1ef621fd_ARCHIVE_LOCATION">c:/ip_repo/myip_1.0</xilinx:tag>
        <xilinx:tag xilinx:name="ui.data.coregen.dd@5b1f6875_ARCHIVE_LOCATION">c:/ip_repo/myip_1.0</xilinx:tag>
        <xilinx:tag xilinx:name="ui.data.coregen.dd@2cca6259_ARCHIVE_LOCATION">c:/ip_repo/myip_1.0</xilinx:tag>
        <xilinx:tag xilinx:name="ui.data.coregen.dd@6fabe433_ARCHIVE_LOCATION">c:/ip_repo/myip_1.0</xilinx:tag>
        <xilinx:tag xilinx:name="ui.data.coregen.dd@7a79f614_ARCHIVE_LOCATION">c:/ip_repo/myip_1.0</xilinx:tag>
        <xilinx:tag xilinx:name="ui.data.coregen.dd@4738680_ARCHIVE_LOCATION">c:/ip_repo/myip_1.0</xilinx:tag>
        <xilinx:tag xilinx:name="ui.data.coregen.dd@365a05ae_ARCHIVE_LOCATION">c:/ip_repo/myip_1.0</xilinx:tag>
        <xilinx:tag xilinx:name="ui.data.coregen.dd@7507cac4_ARCHIVE_LOCATION">c:/ip_repo/myip_1.0</xilinx:tag>
        <xilinx:tag xilinx:name="ui.data.coregen.dd@777b6c70_ARCHIVE_LOCATION">c:/ip_repo/myip_1.0</xilinx:tag>
        <xilinx:tag xilinx:name="ui.data.coregen.dd@2a5eb9b9_ARCHIVE_LOCATION">c:/ip_repo/myip_1.0</xilinx:tag>
        <xilinx:tag xilinx:name="ui.data.coregen.dd@3a104801_ARCHIVE_LOCATION">c:/ip_repo/myip_1.0</xilinx:tag>
        <xilinx:tag xilinx:name="ui.data.coregen.dd@7a5a81ed_ARCHIVE_LOCATION">c:/ip_repo/myip_1.0</xilinx:tag>
        <xilinx:tag xilinx:name="ui.data.coregen.dd@54e0f822_ARCHIVE_LOCATION">c:/ip_repo/myip_1.0</xilinx:tag>
        <xilinx:tag xilinx:name="ui.data.coregen.dd@4cbebbbc_ARCHIVE_LOCATION">c:/ip_repo/myip_1.0</xilinx:tag>
        <xilinx:tag xilinx:name="ui.data.coregen.dd@16ae147d_ARCHIVE_LOCATION">c:/ip_repo/myip_1.0</xilinx:tag>
        <xilinx:tag xilinx:name="ui.data.coregen.dd@573c1b79_ARCHIVE_LOCATION">c:/ip_repo/myip_1.0</xilinx:tag>
        <xilinx:tag xilinx:name="ui.data.coregen.dd@1f4caeec_ARCHIVE_LOCATION">c:/ip_repo/myip_1.0</xilinx:tag>
        <xilinx:tag xilinx:name="ui.data.coregen.dd@30fb9e49_ARCHIVE_LOCATION">c:/ip_repo/myip_1.0</xilinx:tag>
        <xilinx:tag xilinx:name="ui.data.coregen.dd@4017faf0_ARCHIVE_LOCATION">c:/ip_repo/myip_1.0</xilinx:tag>
        <xilinx:tag xilinx:name="ui.data.coregen.dd@6c0a3a0c_ARCHIVE_LOCATION">c:/ip_repo/myip_1.0</xilinx:tag>
        <xilinx:tag xilinx:name="ui.data.coregen.dd@65a60b5a_ARCHIVE_LOCATION">c:/ip_repo/myip_1.0</xilinx:tag>
        <xilinx:tag xilinx:name="ui.data.coregen.dd@3ba9f209_ARCHIVE_LOCATION">c:/ip_repo/myip_1.0</xilinx:tag>
        <xilinx:tag xilinx:name="ui.data.coregen.dd@10150cfc_ARCHIVE_LOCATION">c:/ip_repo/myip_1.0</xilinx:tag>
        <xilinx:tag xilinx:name="ui.data.coregen.dd@47025e2_ARCHIVE_LOCATION">c:/ip_repo/myip_1.0</xilinx:tag>
        <xilinx:tag xilinx:name="ui.data.coregen.dd@34ddb2d5_ARCHIVE_LOCATION">c:/ip_repo/myip_1.0</xilinx:tag>
        <xilinx:tag xilinx:name="ui.data.coregen.dd@5e5a58a_ARCHIVE_LOCATION">c:/ip_repo/myip_1.0</xilinx:tag>
        <xilinx:tag xilinx:name="ui.data.coregen.dd@12f73a16_ARCHIVE_LOCATION">c:/ip_repo/myip_1.0</xilinx:tag>
        <xilinx:tag xilinx:name="ui.data.coregen.dd@3b4de565_ARCHIVE_LOCATION">c:/ip_repo/myip_1.0</xilinx:tag>
      </xilinx:tags>
    </xilinx:coreExtensions>
    <xilinx:packagingInfo>
      <xilinx:xilinxVersion>2018.3</xilinx:xilinxVersion>
      <xilinx:checksum xilinx:scope="busInterfaces" xilinx:value="7a63f3fc"/>
      <xilinx:checksum xilinx:scope="memoryMaps" xilinx:value="ed1368d5"/>
      <xilinx:checksum xilinx:scope="fileGroups" xilinx:value="611c2097"/>
      <xilinx:checksum xilinx:scope="ports" xilinx:value="594b2584"/>
      <xilinx:checksum xilinx:scope="hdlParameters" xilinx:value="6992ea72"/>
      <xilinx:checksum xilinx:scope="parameters" xilinx:value="55a64de4"/>
    </xilinx:packagingInfo>
  </spirit:vendorExtensions>
</spirit:component>
